mhd-term-id,mhd-term,mtbls-st4c,mtbls-term-id,mtbls-term,mw,instance-of
MS_1000139,4000 QTRAP,AB SCIEX QTRAP 4000,MTBLS_000594,AB SCIEX QTRAP 4000,ABI Sciex 4000 Qtrap; ABI Sciex API 4000 Qtrap,Mass spectrometry instrument
MS_1000140,4700 Proteomics Analyzer,,,,,Mass spectrometry instrument
MS_1000141,apex IV,,,,,Mass spectrometry instrument
MS_1000142,apex Q,,,,,Mass spectrometry instrument
MS_1000143,API 150EX,,,,,Mass spectrometry instrument
MS_1000144,API 150EX Prep,,,,,Mass spectrometry instrument
MS_1000145,API 2000,AB SCIEX API 2000,MTBLS_002035,AB SCIEX API 2000,,Mass spectrometry instrument
MS_1000146,API 3000,,,,,Mass spectrometry instrument
MS_1000147,API 4000,AB SCIEX API 4000,MTBLS_000593,AB SCIEX API 4000,,Mass spectrometry instrument
MS_1000148,autoflex II,,,,,Mass spectrometry instrument
MS_1000149,autoflex TOF/TOF,,,,,Mass spectrometry instrument
MS_1000150,Auto Spec Ultima NT,,,,,Mass spectrometry instrument
MS_1000151,BioTOF II,,,,,Mass spectrometry instrument
MS_1000152,BioTOF-Q,,,,,Mass spectrometry instrument
MS_1000153,DELTA plusAdvantage,,,,,Mass spectrometry instrument
MS_1000154,DELTAplusXP,,,,,Mass spectrometry instrument
MS_1000156,esquire 4000,,,,,Mass spectrometry instrument
MS_1000157,esquire 6000,Bruker Esquire 6000,MTBLS_000626,Bruker Esquire 6000,,Mass spectrometry instrument
MS_1000158,explorer,,,,,Mass spectrometry instrument
MS_1000159,GCT,,,,,Mass spectrometry instrument
MS_1000160,HCT,,,,,Mass spectrometry instrument
MS_1000161,HCTplus,,,,,Mass spectrometry instrument
MS_1000162,HiRes ESI,,,,,Mass spectrometry instrument
MS_1000163,HiRes MALDI,,,,,Mass spectrometry instrument
MS_1000164,IsoPrime,,,,,Mass spectrometry instrument
MS_1000165,IsoProbe,,,,,Mass spectrometry instrument
MS_1000166,IsoProbe T,,,,,Mass spectrometry instrument
MS_1000167,LCQ Advantage,,,,,Mass spectrometry instrument
MS_1000168,LCQ Classic,,,,,Mass spectrometry instrument
MS_1000169,LCQ Deca XP Plus,,,,,Mass spectrometry instrument
MS_1000170,M@LDI L,,,,,Mass spectrometry instrument
MS_1000171,M@LDI LR,,,,,Mass spectrometry instrument
MS_1000172,MAT253,,,,,Mass spectrometry instrument
MS_1000173,MAT900XP,,,,,Mass spectrometry instrument
MS_1000174,MAT900XP Trap,,,,,Mass spectrometry instrument
MS_1000175,MAT95XP,,,,,Mass spectrometry instrument
MS_1000176,MAT95XP Trap,,,,,Mass spectrometry instrument
MS_1000177,microflex,,,,,Mass spectrometry instrument
MS_1000178,microTOF LC,,,,,Mass spectrometry instrument
MS_1000179,neptune,,,,,Mass spectrometry instrument
MS_1000180,NG-5400,,,,,Mass spectrometry instrument
MS_1000181,OMEGA,,,,,Mass spectrometry instrument
MS_1000182,OMEGA-2001,,,,,Mass spectrometry instrument
MS_1000183,OmniFlex,,,,,Mass spectrometry instrument
MS_1000184,Platform ICP,,,,,Mass spectrometry instrument
MS_1000185,PolarisQ,Thermo Electron PolarisQ,MTBLS_001021,Thermo Electron PolarisQ,,Mass spectrometry instrument
MS_1000186,proteomics solution 1,,,,,Mass spectrometry instrument
MS_1000187,Q TRAP,SCIEX QTRAP System,MTBLS_002207,SCIEX QTRAP System,,Mass spectrometry instrument
MS_1000188,Q-Tof micro,Waters Micromass Q-Tof micro,MTBLS_000669,Waters Micromass Q-Tof micro,,Mass spectrometry instrument
MS_1000189,Q-Tof Ultima,Waters Micromass Q-Tof Ultima,,,Waters Ultima QTOF,Mass spectrometry instrument
MS_1000190,QSTAR,,,,,Mass spectrometry instrument
MS_1000191,quattro micro,Waters Micromass Quattro micro API,MTBLS_000670,Waters Micromass Quattro micro API,,Mass spectrometry instrument
MS_1000192,Quattro Ultima,,,,,Mass spectrometry instrument
MS_1000193,Surveyor MSQ,,,,,Mass spectrometry instrument
MS_1000194,SymBiot I,,,,,Mass spectrometry instrument
MS_1000195,SymBiot XVI,,,,,Mass spectrometry instrument
MS_1000196,TEMPUS TOF,,,,,Mass spectrometry instrument
MS_1000197,TRACE DSQ,Thermo Finnigan TRACE DSQ; Thermo Electron TRACE DSQ,,,Thermo Trace DSQ,Mass spectrometry instrument
MS_1000198,TRITON,,,,,Mass spectrometry instrument
MS_1000199,TSQ Quantum,Thermo Scientific TSQ Quantum,MTBLS_002248,Thermo Scientific TSQ Quantum,,Mass spectrometry instrument
MS_1000200,ultima,,,,,Mass spectrometry instrument
MS_1000201,ultraflex,,,,,Mass spectrometry instrument
MS_1000202,ultraflex TOF/TOF,,,,,Mass spectrometry instrument
MS_1000203,Voyager-DE PRO,,,,,Mass spectrometry instrument
MS_1000204,Voyager-DE STR,,,,,Mass spectrometry instrument
MS_1000447,LTQ,Thermo Fisher LTQ; Thermo Scientific LTQ Linear Ion Trap,MTBLS_000652; MTBLS_000639,Thermo Scientific LTQ Linear Ion Trap; Thermo Fisher LTQ,Thermo LTQ,Mass spectrometry instrument
MS_1000448,LTQ FT,Thermo Scientific LTQ FT,,,Thermo LTQ-FT,Mass spectrometry instrument
MS_1000449,LTQ Orbitrap,Thermo Scientific LTQ Orbitrap,MTBLS_000644,Thermo Scientific LTQ Orbitrap,,Mass spectrometry instrument
MS_1000450,LXQ,,,,,Mass spectrometry instrument
MS_1000467,1200 series LC/MSD SL,,,,,Mass spectrometry instrument
MS_1000468,6110 Quadrupole LC/MS,,,,,Mass spectrometry instrument
MS_1000469,6120A Quadrupole LC/MS,,,,,Mass spectrometry instrument
MS_1000470,6130 Quadrupole LC/MS,,,,,Mass spectrometry instrument
MS_1000471,6140 Quadrupole LC/MS,,,,,Mass spectrometry instrument
MS_1000472,6210 Time-of-Flight LC/MS,Agilent 6210 TOF,MTBLS_000605,Agilent 6210 TOF,Agilent 6210 TOF,Mass spectrometry instrument
MS_1000473,6310 Ion Trap LC/MS,,,,,Mass spectrometry instrument
MS_1000474,6320 Ion Trap LC/MS,,,,,Mass spectrometry instrument
MS_1000475,6330 Ion Trap LC/MS,,,,,Mass spectrometry instrument
MS_1000476,6340 Ion Trap LC/MS,,,,,Mass spectrometry instrument
MS_1000477,6410 Triple Quadrupole LC/MS,Agilent 6410 Triple Quadrupole,,,Agilent 6410 QQQ,Mass spectrometry instrument
MS_1000478,1200 series LC/MSD VL,,,,,Mass spectrometry instrument
MS_1000554,LCQ Deca,Thermo Finnigan LCQ Deca,,,Thermo Deca LCQ,Mass spectrometry instrument
MS_1000555,LTQ Orbitrap Discovery,Thermo Scientific LTQ Orbitrap Discovery,MTBLS_000649,Thermo Scientific LTQ Orbitrap Discovery,Thermo LTQ Discovery Orbitrap,Mass spectrometry instrument
MS_1000556,LTQ Orbitrap XL,Thermo Scientific LTQ Orbitrap XL,MTBLS_000647,Thermo Scientific LTQ Orbitrap XL,,Mass spectrometry instrument
MS_1000557,LTQ FT Ultra,Thermo Scientific LTQ FT Ultra,MTBLS_000642,Thermo Scientific LTQ FT Ultra,Thermo LTQ-FT Ultra,Mass spectrometry instrument
MS_1000558,GC Quantum,,,,,Mass spectrometry instrument
MS_1000578,LCQ Fleet,,,,,Mass spectrometry instrument
MS_1000604,LCMS-IT-TOF,Shimadzu LCMS-IT-TOF,MTBLS_000638,Shimadzu LCMS-IT-TOF,Shimadzu LCMS-IT-TOF,Mass spectrometry instrument
MS_1000605,LCMS-2010EV,,,,,Mass spectrometry instrument
MS_1000606,LCMS-2010A,,,,,Mass spectrometry instrument
MS_1000607,AXIMA CFR MALDI-TOF,,,,,Mass spectrometry instrument
MS_1000608,AXIMA-QIT,,,,,Mass spectrometry instrument
MS_1000609,AXIMA-CFR plus,,,,,Mass spectrometry instrument
MS_1000610,AXIMA Performance MALDI-TOF/TOF,,,,,Mass spectrometry instrument
MS_1000611,AXIMA Confidence MALDI-TOF,,,,,Mass spectrometry instrument
MS_1000612,AXIMA Assurance Linear MALDI-TOF,,,,,Mass spectrometry instrument
MS_1000622,Surveyor PDA,,,,,Mass spectrometry instrument
MS_1000623,Accela PDA,,,,,Mass spectrometry instrument
MS_1000632,Q-Tof Premier,Waters Micromass Q-Tof Premier; Waters Q-Tof Premier,MTBLS_000671,Waters Q-Tof Premier,Waters Micromass QTOF Premier,Mass spectrometry instrument
MS_1000634,DSQ,,,,,Mass spectrometry instrument
MS_1000635,ITQ 700,,,,,Mass spectrometry instrument
MS_1000636,ITQ 900,Thermo Scientific ITQ 900,MTBLS_001005,Thermo Scientific ITQ 900,,Mass spectrometry instrument
MS_1000637,ITQ 1100,,,,,Mass spectrometry instrument
MS_1000638,LTQ XL ETD,,,,,Mass spectrometry instrument
MS_1000639,LTQ Orbitrap XL ETD,Thermo Scientific LTQ Orbitrap XL ETD,MTBLS_001078,Thermo Scientific LTQ Orbitrap XL ETD,,Mass spectrometry instrument
MS_1000640,DFS,,,,,Mass spectrometry instrument
MS_1000641,DSQ II,Thermo Scientific DSQ II,MTBLS_000997,Thermo Scientific DSQ II,,Mass spectrometry instrument
MS_1000642,MALDI LTQ XL,,,,,Mass spectrometry instrument
MS_1000643,MALDI LTQ Orbitrap,,,,,Mass spectrometry instrument
MS_1000644,TSQ Quantum Access,,,,,Mass spectrometry instrument
MS_1000645,Element XR,,,,,Mass spectrometry instrument
MS_1000646,Element 2,,,,Thermo Element 2 ICP,Mass spectrometry instrument
MS_1000647,Element GD,,,,,Mass spectrometry instrument
MS_1000648,GC IsoLink,,,,,Mass spectrometry instrument
MS_1000649,Exactive,Thermo Scientific Exactive,MTBLS_000640,Thermo Scientific Exactive,,Mass spectrometry instrument
MS_1000651,3200 QTRAP,AB SCIEX QTRAP 3200,MTBLS_002298,AB SCIEX QTRAP 3200,ABI Sciex API 3200 QTrap,Mass spectrometry instrument
MS_1000652,4800 Plus MALDI TOF/TOF,AB SCIEX 4800 Plus MALDI TOF/TOF,MTBLS_000549,AB SCIEX 4800 Plus MALDI TOF/TOF,,Mass spectrometry instrument
MS_1000653,API 3200,,,,,Mass spectrometry instrument
MS_1000654,API 5000,,,,ABI Sciex API 5000 QQQ,Mass spectrometry instrument
MS_1000655,QSTAR Elite,,,,,Mass spectrometry instrument
MS_1000656,QSTAR Pulsar,,,,,Mass spectrometry instrument
MS_1000657,QSTAR XL,,,,,Mass spectrometry instrument
MS_1000658,4800 Proteomics Analyzer,,,,,Mass spectrometry instrument
MS_1000660,Xevo MRT MS,Waters Xevo MRT,,,,Mass spectrometry instrument
MS_1000675,6220 Time-of-Flight LC/MS,Agilent 6220 Accurate-Mass TOF,MTBLS_000304,Agilent 6220 Accurate-Mass TOF,Agilent 6220 TOF,Mass spectrometry instrument
MS_1000676,6510 Quadrupole Time-of-Flight LC/MS,Agilent 6510 Q-TOF,,,Agilent 6510 QTOF,Mass spectrometry instrument
MS_1000677,6520A Quadrupole Time-of-Flight LC/MS,Agilent 6520A Q-TOF,MTBLS_000614,Agilent 6520A Q-TOF,,Mass spectrometry instrument
MS_1000695,apex ultra,,,,,Mass spectrometry instrument
MS_1000696,autoflex III smartbeam,,,,,Mass spectrometry instrument
MS_1000698,HCTultra,,,,,Mass spectrometry instrument
MS_1000699,HCTultra PTM,,,,,Mass spectrometry instrument
MS_1000700,HCTultra ETD II,,,,,Mass spectrometry instrument
MS_1000701,microflex LT,,,,,Mass spectrometry instrument
MS_1000702,micrOTOF,Bruker micrOTOF,MTBLS_000631,Bruker micrOTOF,,Mass spectrometry instrument
MS_1000703,micrOTOF-Q,Bruker micrOTOF-Q I,MTBLS_000632,Bruker micrOTOF-Q I,,Mass spectrometry instrument
MS_1000704,micrOTOF-Q II,Bruker micrOTOF-Q II,MTBLS_000633,Bruker micrOTOF-Q II,,Mass spectrometry instrument
MS_1000705,ultraflex III TOF/TOF,,,,,Mass spectrometry instrument
MS_1000743,TSQ Quantum Ultra AM,,,,,Mass spectrometry instrument
MS_1000748,SSQ 7000,,,,,Mass spectrometry instrument
MS_1000749,TSQ 7000,,,,,Mass spectrometry instrument
MS_1000750,TSQ,,,,,Mass spectrometry instrument
MS_1000751,TSQ Quantum Ultra,Thermo Scientific TSQ Quantum Ultra,MTBLS_000664,Thermo Scientific TSQ Quantum Ultra,Thermo TSQ Quantum Ultra,Mass spectrometry instrument
MS_1000818,Acquity UPLC PDA,,,,,Mass spectrometry instrument
MS_1000819,Acquity UPLC FLR,,,,,Mass spectrometry instrument
MS_1000854,LTQ XL,Thermo Scientific LTQ XL linear ion trap,MTBLS_000653,Thermo Scientific LTQ XL linear ion trap,Thermo LTQ XL,Mass spectrometry instrument
MS_1000855,LTQ Velos,,,,,Mass spectrometry instrument
MS_1000856,LTQ Velos/ETD,,,,,Mass spectrometry instrument
MS_1000931,QTRAP 5500,AB SCIEX QTRAP 5500,MTBLS_000598,AB SCIEX QTRAP 5500,ABI Sciex 5500 QTrap,Mass spectrometry instrument
MS_1000932,TripleTOF 5600,AB SCIEX TripleTOF 5600,MTBLS_000601,AB SCIEX TripleTOF 5600,ABI Sciex 5600 TripleTOF,Mass spectrometry instrument
MS_1000935,6470A Triple Quadrupole LC/MS,,,,Agilent 6470A,Mass spectrometry instrument
MS_1000936,6470B Triple Quadrupole LC/MS,Agilent 6470B Triple Quadrupole,MTBLS_002095,Agilent 6470B Triple Quadrupole,,Mass spectrometry instrument
MS_1000937,6495C Triple Quadrupole LC/MS,,,,,Mass spectrometry instrument
MS_1001482,5800 TOF/TOF,AB SCIEX TOF/TOF 5800,MTBLS_000550,AB SCIEX TOF/TOF 5800,,Mass spectrometry instrument
MS_1001510,TSQ Vantage,Thermo Scientific TSQ Vantage,MTBLS_000665,Thermo Scientific TSQ Vantage,Thermo TSQ Vantage,Mass spectrometry instrument
MS_1001537,BioTOF,,,,,Mass spectrometry instrument
MS_1001538,BioTOF III,,,,,Mass spectrometry instrument
MS_1001539,UltroTOF-Q,,,,,Mass spectrometry instrument
MS_1001540,micrOTOF II,Bruker micrOTOF II,,,Bruker MicrOTOF II,Mass spectrometry instrument
MS_1001541,maXis,Bruker maXis UHR-ToF,MTBLS_000629,Bruker maXis UHR-ToF,,Mass spectrometry instrument
MS_1001542,amaZon ETD,,,,,Mass spectrometry instrument
MS_1001543,microflex LRF,,,,,Mass spectrometry instrument
MS_1001544,ultrafleXtreme,Bruker ultrafleXtreme,MTBLS_000551,Bruker ultrafleXtreme,,Mass spectrometry instrument
MS_1001546,amaZon X,,,,,Mass spectrometry instrument
MS_1001549,solariX,Bruker solariX FTMS,MTBLS_000636,Bruker solariX FTMS,Bruker Solarix FT-ICR-MS,Mass spectrometry instrument
MS_1001550,microflex II,,,,,Mass spectrometry instrument
MS_1001553,autoflex II TOF/TOF,,,,,Mass spectrometry instrument
MS_1001554,autoflex III TOF/TOF smartbeam,,,,,Mass spectrometry instrument
MS_1001555,autoflex,Bruker autoflex MALDI-TOF,,,Bruker Autoflex MALDI-TOF,Mass spectrometry instrument
MS_1001742,LTQ Orbitrap Velos,Thermo Scientific LTQ Orbitrap Velos,MTBLS_000650,Thermo Scientific LTQ Orbitrap Velos,Thermo Orbitrap Velos; Thermo Velos LTQ Orbitrap,Mass spectrometry instrument
MS_1001770,GCT Premier,Waters GCT Premier,MTBLS_001003,Waters GCT Premier,,Mass spectrometry instrument
MS_1001771,MALDI Synapt G2 HDMS,,,,,Mass spectrometry instrument
MS_1001772,MALDI Synapt G2 MS,,,,,Mass spectrometry instrument
MS_1001773,MALDI Synapt G2-S HDMS,,,,,Mass spectrometry instrument
MS_1001774,MALDI Synapt G2-S MS,,,,,Mass spectrometry instrument
MS_1001775,MALDI Synapt HDMS,,,,,Mass spectrometry instrument
MS_1001776,MALDI Synapt MS,,,,,Mass spectrometry instrument
MS_1001777,Synapt G2 HDMS,Waters SYNAPT G2 HDMS System,MTBLS_000674,Waters SYNAPT G2 HDMS System,,Mass spectrometry instrument
MS_1001778,Synapt G2 MS,,,,Waters Synapt G2 QTOF,Mass spectrometry instrument
MS_1001779,Synapt G2-S HDMS,Waters SYNAPT G2-S HDMS,MTBLS_000675,Waters SYNAPT G2-S HDMS,,Mass spectrometry instrument
MS_1001780,Synapt G2-S MS,Waters SYNAPT G2-S,MTBLS_002262,Waters SYNAPT G2-S,Waters Synapt G2 S QTOF,Mass spectrometry instrument
MS_1001781,Synapt HDMS,Waters SYNAPT HDMS System,MTBLS_000677,Waters SYNAPT HDMS System,,Mass spectrometry instrument
MS_1001782,Synapt MS,,,,,Mass spectrometry instrument
MS_1001783,Xevo G2 Q-Tof,Waters Xevo G2 QTof,MTBLS_000679,Waters Xevo G2 QTof,,Mass spectrometry instrument
MS_1001784,Xevo G2 Tof,Waters Xevo G2 Tof,MTBLS_000678,Waters Xevo G2 Tof,,Mass spectrometry instrument
MS_1001785,Xevo Q-Tof,,,,,Mass spectrometry instrument
MS_1001786,3100,,,,,Mass spectrometry instrument
MS_1001787,Acquity SQD,,,,,Mass spectrometry instrument
MS_1001788,Acquity TQD,Waters ACQUITY TQD,MTBLS_000667,Waters ACQUITY TQD,,Mass spectrometry instrument
MS_1001789,Quattro micro GC,,,,,Mass spectrometry instrument
MS_1001790,Xevo TQ MS,Waters Xevo TQ; Waters Xevo TQ MS,MTBLS_000684; MTBLS_000683,Waters Xevo TQ MS; Waters Xevo TQ,Waters Xevo-TQ,Mass spectrometry instrument
MS_1001791,Xevo TQD,Waters Xevo TQD,,,,Mass spectrometry instrument
MS_1001792,Xevo TQ-S,Waters Xevo TQ-S,MTBLS_000685,Waters Xevo TQ-S,Waters Xevo-TQ-S,Mass spectrometry instrument
MS_1001801,Pegasus HRT,LECO Pegasus GC-HRT,MTBLS_000992,LECO Pegasus GC-HRT,,Mass spectrometry instrument
MS_1001802,Citius HRT,,,,Leco Citius LC-HRT,Mass spectrometry instrument
MS_1001803,Pegasus,LECO Pegasus,MTBLS_001004,LECO Pegasus,,Mass spectrometry instrument
MS_1001804,TruTOF,,,,,Mass spectrometry instrument
MS_1001908,ISQ,Thermo Scientific ISQ,MTBLS_001018,Thermo Scientific ISQ,,Mass spectrometry instrument
MS_1001909,Velos Plus,,,,,Mass spectrometry instrument
MS_1001910,Orbitrap Elite,Thermo Scientific Orbitrap Elite,MTBLS_000654,Thermo Scientific Orbitrap Elite,Thermo Orbitrap Elite Hybrid Ion Trap-Orbitrap,Mass spectrometry instrument
MS_1001911,Q Exactive,Thermo Scientific Q Exactive; Thermo Q Exactive Orbitrap,MTBLS_000658,Thermo Scientific Q Exactive,Thermo Q Exactive Orbitrap,Mass spectrometry instrument
MS_1001945,Pegasus 4D,LECO Pegasus 4D; LECO Pegasus 4D GCxGC-TOFMS,MTBLS_002301; MTBLS_001000,LECO Pegasus 4D GCxGC-TOFMS; LECO Pegasus 4D,Leco Pegasus 4D GCxGC TOF,Mass spectrometry instrument
MS_1002077,impact,,,,,Mass spectrometry instrument
MS_1002274,SQ Detector 2,,,,,Mass spectrometry instrument
MS_1002275,Xevo G2-S Tof,Waters Xevo G2-S Tof,MTBLS_000681,Waters Xevo G2-S Tof,Waters Xevo-G2-S,Mass spectrometry instrument
MS_1002276,Xevo G2-S QTof,Waters Xevo G2-S QTof,MTBLS_000680,Waters Xevo G2-S QTof,,Mass spectrometry instrument
MS_1002277,AutoSpec Premier,,,,,Mass spectrometry instrument
MS_1002278,Pegasus III,LECO Pegasus III,MTBLS_000993,LECO Pegasus III,Leco Pegasus III GC TOF,Mass spectrometry instrument
MS_1002279,maXis 4G,Bruker maXis 4G UHR-ToF,MTBLS_000630,Bruker maXis 4G UHR-ToF,,Mass spectrometry instrument
MS_1002280,compact,Bruker compact,MTBLS_000624,Bruker compact,,Mass spectrometry instrument
MS_1002295,SCION SQ,,,,,Mass spectrometry instrument
MS_1002296,SCION TQ,,,,,Mass spectrometry instrument
MS_1002297,EVOQ Elite,,,,,Mass spectrometry instrument
MS_1002298,EVOQ Qube,,,,,Mass spectrometry instrument
MS_1002299,micrOTOF-Q III,Bruker micrOTOF-Q III,MTBLS_000634,Bruker micrOTOF-Q III,,Mass spectrometry instrument
MS_1002300,amaZon Speed ETD,,,,,Mass spectrometry instrument
MS_1002301,amaZon Speed,,,,,Mass spectrometry instrument
MS_1002382,Shimadzu MALDI-7090,,,,,Mass spectrometry instrument
MS_1002416,Orbitrap Fusion,Thermo Scientific Orbitrap Fusion,MTBLS_000655,Thermo Scientific Orbitrap Fusion,Thermo Fusion Orbitrap; Thermo Fusion Tribrid Orbitrap,Mass spectrometry instrument
MS_1002417,Orbitrap Fusion ETD,,,,,Mass spectrometry instrument
MS_1002418,TSQ Quantiva,Thermo Scientific TSQ Quantiva,MTBLS_000662,Thermo Scientific TSQ Quantiva,Thermo TSQ Quantiva,Mass spectrometry instrument
MS_1002419,TSQ Endura,,,,,Mass spectrometry instrument
MS_1002444,6420 Triple Quadrupole LC/MS,,,,,Mass spectrometry instrument
MS_1002445,6460 Triple Quadrupole LC/MS,Agilent 6460 Triple Quadrupole,MTBLS_000609,Agilent 6460 Triple Quadrupole,Agilent 6460 QQQ,Mass spectrometry instrument
MS_1002446,6490 Triple Quadrupole LC/MS,Agilent 6490 Triple Quadrupole,MTBLS_000610,Agilent 6490 Triple Quadrupole,Agilent 6490 QQQ,Mass spectrometry instrument
MS_1002523,Q Exactive HF,Thermo Scientific Q Exactive HF,MTBLS_000660,Thermo Scientific Q Exactive HF,Thermo Q Exactive HF hybrid Orbitrap,Mass spectrometry instrument
MS_1002525,TSQ 8000 Evo,,,,Thermo TSQ 8000 Evo,Mass spectrometry instrument
MS_1002526,Exactive Plus,Thermo Scientific Exactive Plus,MTBLS_000641,Thermo Scientific Exactive Plus,Thermo Exactive Plus Orbitrap,Mass spectrometry instrument
MS_1002533,TripleTOF 6600,AB SCIEX TripleTOF 6600,MTBLS_000603,AB SCIEX TripleTOF 6600,ABI Sciex 6600 TripleTOF,Mass spectrometry instrument
MS_1002577,2000 QTRAP,,,,,Mass spectrometry instrument
MS_1002578,2500 QTRAP,,,,,Mass spectrometry instrument
MS_1002579,3500 QTRAP,,,,,Mass spectrometry instrument
MS_1002580,QTRAP 4500,AB SCIEX QTRAP 4500,MTBLS_000595,AB SCIEX QTRAP 4500,ABI Sciex 4500 QTrap,Mass spectrometry instrument
MS_1002581,QTRAP 6500,AB SCIEX QTRAP 6500,MTBLS_000599,AB SCIEX QTRAP 6500,ABI Sciex 6500 QTrap,Mass spectrometry instrument
MS_1002582,QTRAP 6500+,AB SCIEX QTRAP 6500+,MTBLS_002299,AB SCIEX QTRAP 6500+,ABI Sciex 6500+ QTrap,Mass spectrometry instrument
MS_1002583,TripleTOF 4600,AB SCIEX TripleTOF 4600,MTBLS_002040,AB SCIEX TripleTOF 4600,,Mass spectrometry instrument
MS_1002584,TripleTOF 5600+,AB SCIEX TripleTOF 5600+,MTBLS_000602,AB SCIEX TripleTOF 5600+,ABI Sciex 5600+ TripleTOF,Mass spectrometry instrument
MS_1002585,API 100,,,,,Mass spectrometry instrument
MS_1002586,API 100LC,,,,,Mass spectrometry instrument
MS_1002587,API 165,,,,,Mass spectrometry instrument
MS_1002588,API 300,,,,,Mass spectrometry instrument
MS_1002589,API 350,,,,,Mass spectrometry instrument
MS_1002590,API 365,,,,,Mass spectrometry instrument
MS_1002591,Triple Quad 3500,,,,,Mass spectrometry instrument
MS_1002592,Triple Quad 4500,,,,,Mass spectrometry instrument
MS_1002593,Triple Quad 5500,AB SCIEX Triple Quad 5500,MTBLS_000600,AB SCIEX Triple Quad 5500,,Mass spectrometry instrument
MS_1002594,Triple Quad 6500,AB SCIEX Triple Quad 6500,MTBLS_002038,AB SCIEX Triple Quad 6500,,Mass spectrometry instrument
MS_1002595,Triple Quad 6500+,AB SCIEX Triple Quad 6500+,MTBLS_002039,AB SCIEX Triple Quad 6500+,ABI Sciex Triple Quad 6500+,Mass spectrometry instrument
MS_1002634,Q Exactive Plus,Thermo Q Exactive Plus Orbitrap; Thermo Scientific Q Exactive Plus,MTBLS_000661,Thermo Scientific Q Exactive Plus,Thermo Q Exactive Plus Orbitrap,Mass spectrometry instrument
MS_1002666,impact II,Bruker impact II UHR-TOF,MTBLS_000627,Bruker impact II UHR-TOF,Bruker Impact II,Mass spectrometry instrument
MS_1002667,impact HD,Bruker impact HD UHR-TOF,MTBLS_002113,Bruker impact HD UHR-TOF,Bruker Impact HD,Mass spectrometry instrument
MS_1002674,X500R QTOF,AB SCIEX TripleTOF X500R,,,ABI Sciex X500R QTOF,Mass spectrometry instrument
MS_1002719,Pegasus BT,LECO Pegasus BT TOFMS,MTBLS_001022,LECO Pegasus BT TOFMS,Leco Pegasus BT,Mass spectrometry instrument
MS_1002726,SYNAPT G2-Si,Waters SYNAPT G2-Si,MTBLS_002263,Waters SYNAPT G2-Si,Waters Synapt G2 Si QTOF,Mass spectrometry instrument
MS_1002727,MALDI SYNAPT G2-Si,,,,,Mass spectrometry instrument
MS_1002728,Vion IMS QTof,Waters Vion IMS QTof,MTBLS_002264,Waters Vion IMS QTof,,Mass spectrometry instrument
MS_1002729,Xevo G2-XS Tof,,,,Waters Xevo-G2-XS,Mass spectrometry instrument
MS_1002730,Xevo TQ-XS,Waters Xevo TQ-XS,MTBLS_000687,Waters Xevo TQ-XS,Waters Xevo TQ-XS,Mass spectrometry instrument
MS_1002731,Xevo TQ-S micro,Waters Xevo TQ-S micro,MTBLS_000686,Waters Xevo TQ-S micro,,Mass spectrometry instrument
MS_1002732,Orbitrap Fusion Lumos,Thermo Scientific Orbitrap Fusion Lumos Tribrid,MTBLS_000656,Thermo Scientific Orbitrap Fusion Lumos Tribrid,Thermo Orbitrap Fusion Lumos Tribrid,Mass spectrometry instrument
MS_1002783,6550 iFunnel Q-TOF LC/MS,Agilent 6550 iFunnel Q-TOF,MTBLS_000620,Agilent 6550 iFunnel Q-TOF,Agilent 6550 QTOF,Mass spectrometry instrument
MS_1002784,6550A iFunnel Q-TOF LC/MS,Agilent 6550A iFunnel Q-TOF,,,,Mass spectrometry instrument
MS_1002785,6520B Q-TOF LC/MS,Agilent 6520B Q-TOF,,,Agilent 6520B QTOF,Mass spectrometry instrument
MS_1002786,6530A Q-TOF LC/MS,Agilent 6530A Accurate-Mass Q-TOF; Agilent G6530A Q-TOF,MTBLS_000616,Agilent 6530A Accurate-Mass Q-TOF,Agilent 6530A QTOF; Agilent G6530A,Mass spectrometry instrument
MS_1002787,6530B Q-TOF LC/MS,Agilent 6530B Accurate-Mass Q-TOF,MTBLS_000617,Agilent 6530B Accurate-Mass Q-TOF,,Mass spectrometry instrument
MS_1002788,6538 Q-TOF LC/MS,Agilent 6538 Accurate-Mass Q-TOF,MTBLS_002096,Agilent 6538 Accurate-Mass Q-TOF,Agilent 6538 QTOF,Mass spectrometry instrument
MS_1002789,6540 Q-TOF LC/MS,Agilent 6540 Q-TOF,MTBLS_000618,Agilent 6540 Q-TOF,Agilent 6540 QTOF,Mass spectrometry instrument
MS_1002790,6542 Q-TOF LC/MS,,,,,Mass spectrometry instrument
MS_1002791,6545 Q-TOF LC/MS,Agilent 6545 Q-TOF,MTBLS_000619,Agilent 6545 Q-TOF,Agilent 6545 QTOF,Mass spectrometry instrument
MS_1002792,6560 Q-TOF LC/MS,Agilent 6560 Ion Mobility Q-TOF,MTBLS_000621,Agilent 6560 Ion Mobility Q-TOF,Agilent 6560 Ion Mobility,Mass spectrometry instrument
MS_1002793,6570 Q-TOF LC/MS,,,,,Mass spectrometry instrument
MS_1002794,6120B Quadrupole LC/MS,,,,,Mass spectrometry instrument
MS_1002795,6150 Quadrupole LC/MS,,,,,Mass spectrometry instrument
MS_1002796,6224 Time-of-Flight LC/MS,Agilent 6224 Accurate-Mass TOF,MTBLS_000606,Agilent 6224 Accurate-Mass TOF,Agilent 6224 TOF,Mass spectrometry instrument
MS_1002797,6230A Time-of-Flight LC/MS,,,,,Mass spectrometry instrument
MS_1002798,6230B Time-of-Flight LC/MS,,,,,Mass spectrometry instrument
MS_1002799,6430 Triple Quadrupole LC/MS,Agilent 6430 Triple Quadrupole,MTBLS_000608,Agilent 6430 Triple Quadrupole,,Mass spectrometry instrument
MS_1002800,6495A Triple Quadrupole LC/MS,Agilent 6495A Triple Quadrupole,MTBLS_000612,Agilent 6495A Triple Quadrupole,,Mass spectrometry instrument
MS_1002801,6495B Triple Quadrupole LC/MS,,,,,Mass spectrometry instrument
MS_1002802,7000A Triple Quadrupole GC/MS,,,,,Mass spectrometry instrument
MS_1002803,7000B Triple Quadrupole GC/MS,Agilent 7000B Triple Quadrupole,,,Agilent 7000B,Mass spectrometry instrument
MS_1002804,7800 Quadrupole ICP-MS,,,,,Mass spectrometry instrument
MS_1002805,8800 Triple Quadrupole ICP-MS,,,,,Mass spectrometry instrument
MS_1002835,LTQ Orbitrap Classic,Thermo Scientific LTQ Orbitrap Classic,MTBLS_000645,Thermo Scientific LTQ Orbitrap Classic,,Mass spectrometry instrument
MS_1002874,TSQ Altis,Thermo Scientific TSQ Altis,MTBLS_002246,Thermo Scientific TSQ Altis,Thermo TSQ Altis,Mass spectrometry instrument
MS_1002875,TSQ Quantis,,,,Thermo TSQ Quantis QQQ,Mass spectrometry instrument
MS_1002876,TSQ 9000,Thermo Scientific TSQ 9000,MTBLS_002245,Thermo Scientific TSQ 9000,,Mass spectrometry instrument
MS_1002877,Q Exactive HF-X,Thermo Scientific Q Exactive HF-X,MTBLS_002243,Thermo Scientific Q Exactive HF-X,Thermo Q Exactive HF-X Orbitrap,Mass spectrometry instrument
MS_1002992,Orbitrap Exploris GC-MS,,,,,Mass spectrometry instrument
MS_1002993,Q Exactive Focus,Thermo Scientific Q Exactive Focus,MTBLS_000659,Thermo Scientific Q Exactive Focus,Thermo Q Exactive Focus,Mass spectrometry instrument
MS_1002994,Orbitrap Excedion Pro,,,,,Mass spectrometry instrument
MS_1002998,LCMS-9030,Shimadzu LCMS-9030,MTBLS_002217,Shimadzu LCMS-9030,,Mass spectrometry instrument
MS_1002999,LCMS-8060,Shimadzu LCMS-8060,,,Shimadzu LCMS-8060,Mass spectrometry instrument
MS_1003000,LCMS-8050,Shimadzu LCMS-8050,MTBLS_000637,Shimadzu LCMS-8050,,Mass spectrometry instrument
MS_1003001,LCMS-8045,,,,,Mass spectrometry instrument
MS_1003002,LCMS-8040,Shimadzu LCMS-8040,MTBLS_002216,Shimadzu LCMS-8040,,Mass spectrometry instrument
MS_1003003,LCMS-2020,Shimadzu LCMS-2020,MTBLS_002213,Shimadzu LCMS-2020,,Mass spectrometry instrument
MS_1003004,maXis II,Bruker maXis II UHR-ToF,MTBLS_002114,Bruker maXis II UHR-ToF,Bruker Daltonics maXis-II,Mass spectrometry instrument
MS_1003005,timsTOF Pro,Bruker timsTOF Pro,MTBLS_002117,Bruker timsTOF Pro,Bruker timsTOF PRO,Mass spectrometry instrument
MS_1003028,Orbitrap Exploris 480,Thermo Scientific Orbitrap Exploris 480,,,Thermo Orbitrap Exploris 480,Mass spectrometry instrument
MS_1003029,Orbitrap Eclipse,Thermo Scientific Orbitrap Eclipse Tribrid,,,,Mass spectrometry instrument
MS_1003094,Orbitrap Exploris 240,Thermo Scientific Orbitrap Exploris 240,MTBLS_002240,Thermo Scientific Orbitrap Exploris 240,Thermo Orbitrap Exploris 240,Mass spectrometry instrument
MS_1003095,Orbitrap Exploris 120,Thermo Scientific Orbitrap Exploris 120,MTBLS_002239,Thermo Scientific Orbitrap Exploris 120,Thermo Orbitrap Exploris 120,Mass spectrometry instrument
MS_1003096,Orbitrap Velos Pro,Thermo Scientific Velos Pro,MTBLS_000666,Thermo Scientific Velos Pro,Thermo Orbitrap Velos Pro; Thermo Velos Pro Orbitrap,Mass spectrometry instrument
MS_1003112,Orbitrap ID-X,Thermo Scientific Orbitrap ID-X Tribrid,MTBLS_002241,Thermo Scientific Orbitrap ID-X Tribrid,Thermo Orbitrap ID-X Tribrid,Mass spectrometry instrument
MS_1003122,rapifleX,Bruker rapifleX,,,,Mass spectrometry instrument
MS_1003124,timsTOF fleX,Bruker timsTOF fleX,,,Bruker timsTOF fleX,Mass spectrometry instrument
MS_1003144,Triple Quad 7500,,,,,Mass spectrometry instrument
MS_1003152,GCMS-QP2010SE,,,,,Mass spectrometry instrument
MS_1003183,Synapt XS,Waters SYNAPT XS; Waters Synapt-XS,,,Waters Synapt-XS,Mass spectrometry instrument
MS_1003184,SELECT SERIES Cyclic IMS,,,,,Mass spectrometry instrument
MS_1003185,SELECT SERIES MRT,,,,,Mass spectrometry instrument
MS_1003229,timsTOF,Bruker timsTOF,MTBLS_002116,Bruker timsTOF,Bruker timsTOF,Mass spectrometry instrument
MS_1003230,timsTOF Pro 2,Bruker timsTOF Pro 2,MTBLS_002118,Bruker timsTOF Pro 2,,Mass spectrometry instrument
MS_1003231,timsTOF SCP,,,,,Mass spectrometry instrument
MS_1003245,Q Exactive UHMR,,,,,Mass spectrometry instrument
MS_1003252,Xevo G2-XS QTof,Waters Xevo G2-XS QTof,MTBLS_000682,Waters Xevo G2-XS QTof,,Mass spectrometry instrument
MS_1003292,TSQ Altis Plus,Thermo Scientific TSQ Altis Plus,MTBLS_002247,Thermo Scientific TSQ Altis Plus,Thermo TSQ Altis Plus,Mass spectrometry instrument
MS_1003293,ZenoTOF 7600,AB SCIEX ZenoTOF 7600,,,ABI Sciex 7600 ZenoTOF,Mass spectrometry instrument
MS_1003356,Orbitrap Ascend,,,,,Mass spectrometry instrument
MS_1003378,Orbitrap Astral,,,,,Mass spectrometry instrument
MS_1003380,Xevo G3 QTof,Waters Xevo G3 QTof,,,,Mass spectrometry instrument
MS_1003381,ACQUITY RDa Detector,,,,,Mass spectrometry instrument
MS_1003383,timsTOF Ultra,Bruker timsTOF Ultra,,,,Mass spectrometry instrument
MS_1003395,Q Exactive GC Orbitrap,,,,,Mass spectrometry instrument
MS_1003397,timsTOF fleX MALDI-2,,,,,Mass spectrometry instrument
MS_1003404,timsTOF HT,Bruker timsTOF HT,,,,Mass spectrometry instrument
MS_1003409,Stellar,,,,,Mass spectrometry instrument
MS_1003411,Orbitrap IQ-X,Thermo Scientific Orbitrap IQ-X Tribrid,MTBLS_002242,Thermo Scientific Orbitrap IQ-X Tribrid,Thermo Orbitrap IQ-X Tribrid,Mass spectrometry instrument
MS_1003412,timsTOF Ultra 2,Bruker timsTOF Ultra 2,,,,Mass spectrometry instrument
MS_1003423,Orbitrap Exploris GC 240,,,,,Mass spectrometry instrument
MS_1003442,Orbitrap Astral Zoom,,,,,Mass spectrometry instrument
MS_1003443,ZenoTOF 8600,,,,,Mass spectrometry instrument
MS_1003444,ZenoTOF 7600+,,,,,Mass spectrometry instrument
MS_1003445,SCIEX 7500+,,,,,Mass spectrometry instrument
MS_1003449,ISQ 7000,Thermo Scientific ISQ 7000,,,,Mass spectrometry instrument
MS_1003456,TripleTOF 6600+,AB SCIEX TripleTOF 6600+,MTBLS_000604,AB SCIEX TripleTOF 6600+,,Mass spectrometry instrument
MS_1003457,Triple Quad 5500+,AB SCIEX Triple Quad 5500+,MTBLS_002036,AB SCIEX Triple Quad 5500+,ABI Sciex Triple Quad 5500+,Mass spectrometry instrument
MS_1003458,Triple Quad 5500+ QTRAP Ready,AB SCIEX Triple Quad 5500+ QTRAP Ready,MTBLS_002037,AB SCIEX Triple Quad 5500+ QTRAP Ready,,Mass spectrometry instrument
MS_1003459,APEX-Qe,Bruker APEX-Qe 9.4T,MTBLS_000622,Bruker APEX-Qe 9.4T,,Mass spectrometry instrument
MS_1003460,autoflex speed TOF/TOF,,,,,Mass spectrometry instrument
MS_1003461,esquire 3000,Bruker Esquire 3000,MTBLS_000625,Bruker Esquire 3000,,Mass spectrometry instrument
MS_1003462,maXis impact,Bruker maXis impact UHR-QTOF,MTBLS_000628,Bruker maXis impact UHR-QTOF,Bruker maXis Impact qTOF,Mass spectrometry instrument
MS_1003463,maXis impact HD,Bruker maXis impact HD UHR-QTOF,MTBLS_002115,Bruker maXis impact HD UHR-QTOF,,Mass spectrometry instrument
MS_1003464,maXis 3G,Bruker maXis 3G,,,Bruker Daltonics maXis 3G,Mass spectrometry instrument
MS_1003465,solariX XR,Bruker solariX XR,MTBLS_001082,Bruker solariX XR,,Mass spectrometry instrument
MS_1003466,amaZon SL,,,,,Mass spectrometry instrument
MS_1003467,EVOQ DART-TQ+,,,,,Mass spectrometry instrument
MS_1003468,EVOQ LC-TQ,,,,,Mass spectrometry instrument
MS_1003469,EVOQ GC-TQ,,,,,Mass spectrometry instrument
MS_1003470,Toxtyper,,,,,Mass spectrometry instrument
MS_1003471,impact II VIP,,,,,Mass spectrometry instrument
MS_1003472,ecTOF,,,,,Mass spectrometry instrument
MS_1003473,autoflex maX,,,,,Mass spectrometry instrument
MS_1003474,rapifleX MALDI PharmaPulse,,,,,Mass spectrometry instrument
MS_1003475,smartfleX,,,,,Mass spectrometry instrument
MS_1003476,neofleX,,,,,Mass spectrometry instrument
MS_1003477,MALDI Biotyper,,,,,Mass spectrometry instrument
MS_1003478,scimaX,Bruker scimaX MRMS,MTBLS_000635,Bruker scimaX MRMS,Bruker scimaX MRMS,Mass spectrometry instrument
MS_1003479,timsMetabo,,,,,Mass spectrometry instrument
MS_1003480,timsUltra AIP,,,,,Mass spectrometry instrument
MS_1003481,timsOmni,,,,,Mass spectrometry instrument
MS_1003482,timsTOF MALDI PharmaPulse,,,,,Mass spectrometry instrument
MS_1003483,4000 GC/MS,Varian 4000 MSD,MTBLS_001002,Varian 4000 MSD,,Mass spectrometry instrument
MS_1003484,210-MS GC/MS Ion Trap,Varian 210-MS GC Ion Trap,,,Varian 210-MS GC Ion Trap,Mass spectrometry instrument
MS_1003485,LCMS-8030,Shimadzu LCMS-8030,MTBLS_002214,Shimadzu LCMS-8030,,Mass spectrometry instrument
MS_1003486,LCMS-8030 Plus,Shimadzu LCMS-8030 Plus,MTBLS_002215,Shimadzu LCMS-8030 Plus,,Mass spectrometry instrument
MS_1003487,GCMS-QP2010 Plus,Shimadzu GCMS-QP2010 Plus,,,Shimadzu QP2010 Plus,Mass spectrometry instrument
MS_1003488,LCMS-8060NX,Shimadzu LCMS-8060NX,,,Shimadzu LCMS-8060NX,Mass spectrometry instrument
MS_1003489,GCMS-TQ8050NX,Shimadzu GCMS-TQ8050 NX,MTBLS_002303,Shimadzu GCMS-TQ8050 NX,Shimadzu TQ8050NX,Mass spectrometry instrument
MS_1003490,GCMS-TQ8040NX,Shimadzu GCMS-TQ8040 NX,MTBLS_000996,Shimadzu GCMS-TQ8040 NX,,Mass spectrometry instrument
MS_1003491,GCMS-TQ8040,Shimadzu GCMS-TQ8040,MTBLS_001024,Shimadzu GCMS-TQ8040,Shimazu TQ8040,Mass spectrometry instrument
MS_1003492,GCMS-QP5000,Shimadzu GCMS-QP5000,MTBLS_001008,Shimadzu GCMS-QP5000,Shimadzu QP-5000,Mass spectrometry instrument
MS_1003493,GCMS-QP2020,Shimadzu GCMS-QP2020,MTBLS_000920,Shimadzu GCMS-QP2020,,Mass spectrometry instrument
MS_1003494,GCMS-QP2010 Ultra,Shimadzu GCMS-QP2010 Ultra,MTBLS_000926,Shimadzu GCMS-QP2010 Ultra,Shimadzu QP2010 Ultra,Mass spectrometry instrument
MS_1003495,Velos Pro,Thermo Scientific Orbitrap Velos Pro,MTBLS_000657,Thermo Scientific Orbitrap Velos Pro,,Mass spectrometry instrument
MS_1003496,MALDI LTQ Orbitrap XL,Thermo Scientific MALDI LTQ Orbitrap XL,MTBLS_001079,Thermo Scientific MALDI LTQ Orbitrap XL,,Mass spectrometry instrument
MS_1003497,MALDI LTQ Orbitrap Discovery,Thermo Scientific MALDI LTQ Orbitrap Discovery,MTBLS_001081,Thermo Scientific MALDI LTQ Orbitrap Discovery,,Mass spectrometry instrument
MS_1003498,TSQ Quantum Access MAX,Thermo Scientific TSQ Quantum Access MAX,MTBLS_000663,Thermo Scientific TSQ Quantum Access MAX,Thermo TSQ Quantum Access Max,Mass spectrometry instrument
MS_1003499,LTQ Orbitrap Velos/ETD,Thermo Scientific LTQ Orbitrap Velos ETD,MTBLS_000651,Thermo Scientific LTQ Orbitrap Velos ETD,,Mass spectrometry instrument
MS_1003500,ISQ LT,Thermo Scientific ISQ LT,MTBLS_000999,Thermo Scientific ISQ LT,Thermo ISQ LT,Mass spectrometry instrument
MS_1003501,ITQ,Thermo Scientific ITQ,,,Thermo ITQ,Mass spectrometry instrument
MS_1003502,TSQ Quantum XLS,Thermo Scientific TSQ Quantum XLS,MTBLS_001023,Thermo Scientific TSQ Quantum XLS,,Mass spectrometry instrument
MS_1003503,TSQ 8000,Thermo Scientific TSQ 8000,MTBLS_001014,Thermo Scientific TSQ 8000,,Mass spectrometry instrument
MS_1003504,DeltaPlus IRMS,,,,Thermo DeltaPlus Isotope Ratio MS,Mass spectrometry instrument
MS_1003505,ACQUITY QDa,Waters ACQUITY QDa,MTBLS_002259,Waters ACQUITY QDa,,Mass spectrometry instrument
MS_1003506,LCT Premier,Waters LCT Premier,MTBLS_000668,Waters LCT Premier,,Mass spectrometry instrument
MS_1003507,Quattro Premier XE,Waters Quattro Premier XE,MTBLS_000672,Waters Quattro Premier XE,Waters Quattro Premier XE,Mass spectrometry instrument
MS_1003508,Synapt G1 HDMS,Waters SYNAPT G1 HDMS System,MTBLS_000673,Waters SYNAPT G1 HDMS System,,Mass spectrometry instrument
MS_1003509,Synapt G2-Si HDMS,Waters SYNAPT G2-Si HDMS,MTBLS_000676,Waters SYNAPT G2-Si HDMS,,Mass spectrometry instrument
MS_1003510,Synapt G1,,,,Waters Synapt G1,Mass spectrometry instrument
MS_1003511,Synapt G2 XS QTOF,,,,Waters Synapt G2 XS QTOF,Mass spectrometry instrument
MS_1003512,Xevo TQ Absolute,,,,,Mass spectrometry instrument
MS_1003513,Xevo TQ Absolute XR,,,,,Mass spectrometry instrument
MS_1003514,5973 MSD,Agilent 5973 MSD,MTBLS_001027,Agilent 5973 MSD,Agilent 5973,Mass spectrometry instrument
MS_1003515,5973N MSD,Agilent 5973N MSD,MTBLS_000995,Agilent 5973N MSD,Agilent 5973N,Mass spectrometry instrument
MS_1003516,5975 MSD,Agilent 5975 MSD,MTBLS_001009,Agilent 5975 MSD,Agilent 5975,Mass spectrometry instrument
MS_1003517,5975B MSD,Agilent 5975B MSD,,,Agilent 5975B,Mass spectrometry instrument
MS_1003518,5975C inert XL MSD,Agilent 5975C inert XL MSD,MTBLS_001026,Agilent 5975C inert XL MSD,,Mass spectrometry instrument
MS_1003519,5975C MSD,Agilent 5975C MSD,MTBLS_000994,Agilent 5975C MSD,Agilent 5975C,Mass spectrometry instrument
MS_1003520,5975T MSD,Agilent 5975T MSD,MTBLS_002093,Agilent 5975T MSD,,Mass spectrometry instrument
MS_1003521,5977 MSD,Agilent 5977 MSD,,,Agilent 5977,Mass spectrometry instrument
MS_1003522,5977A MSD,Agilent 5977A MSD,MTBLS_001012,Agilent 5977A MSD,Agilent 5977A,Mass spectrometry instrument
MS_1003523,5977B MSD,Agilent 5977B MSD,MTBLS_001013,Agilent 5977B MSD,Agilent 5977B,Mass spectrometry instrument
MS_1003524,5977C MSD,Agilent 5977C MSD,,,Agilent 5977C,Mass spectrometry instrument
MS_1003525,6230 Time-of-Flight LC/MS,Agilent 6230 Accurate-Mass TOF,MTBLS_000607,Agilent 6230 Accurate-Mass TOF,Agilent 6230 TOF,Mass spectrometry instrument
MS_1003526,6410A Triple Quadrupole LC/MS,Agilent 6410A Triple Quadrupole,,,Agilent 6410A QQQ,Mass spectrometry instrument
MS_1003527,6445 Q-TOF LC/MS,Agilent 6445 Q-TOF,,,Agilent 6445 QTOF,Mass spectrometry instrument
MS_1003528,6456 Q-TOF LC/MS,Agilent 6456 Q-TOF,,,Agilent 6456 QTOF,Mass spectrometry instrument
MS_1003529,6470 Triple Quadrupole LC/MS,Agilent 6470 Triple Quadrupole,MTBLS_002094,Agilent 6470 Triple Quadrupole,Agilent 6470 QQQ; Agilent 6470 TQ,Mass spectrometry instrument
MS_1003530,6490A Triple Quadrupole LC/MS,Agilent 6490A Triple Quadrupole; Agilent G6490A Triple Quadrupole,,,Agilent 6490A QQQ; Agilent G6490A,Mass spectrometry instrument
MS_1003531,6495 Triple Quadrupole LC/MS,Agilent 6495 Triple Quadrupole,MTBLS_000611,Agilent 6495 Triple Quadrupole,Agilent 6495 QQQ,Mass spectrometry instrument
MS_1003532,6520 Q-TOF LC/MS,Agilent 6520 Q-TOF,MTBLS_000613,Agilent 6520 Q-TOF,Agilent 6520 QTOF,Mass spectrometry instrument
MS_1003533,6530 Q-TOF LC/MS,Agilent 6530 Accurate-Mass Q-TOF; Agilent 6530 Q-TOF,MTBLS_000615,Agilent 6530 Accurate-Mass Q-TOF,Agilent 6530 QTOF,Mass spectrometry instrument
MS_1003534,6543 Q-TOF LC/MS,Agilent 6543 Q-TOF,,,,Mass spectrometry instrument
MS_1003535,6545XT Q-TOF LC/MS,Agilent 6545XT Q-TOF,,,Agilent 6545XT QTOF,Mass spectrometry instrument
MS_1003536,6546 Q-TOF LC/MS,Agilent 6546 Q-TOF; Agilent 6546 LC/Q-TOF,MTBLS_002300,Agilent 6546 LC/Q-TOF,Agilent 6546 QTOF,Mass spectrometry instrument
MS_1003537,6600 Q-TOF LC/MS,Agilent 6600 Q-TOF,,,Agilent 6600 QTOF,Mass spectrometry instrument
MS_1003538,7000C Triple Quadrupole GC/MS,Agilent 7000C Triple Quadrupole,MTBLS_001011,Agilent 7000C Triple Quadrupole,,Mass spectrometry instrument
MS_1003539,7000D Triple Quadrupole GC/MS,Agilent 7000D Triple Quadrupole,MTBLS_002097,Agilent 7000D Triple Quadrupole,,Mass spectrometry instrument
MS_1003540,7010 Triple Quadrupole GC/MS,Agilent 7010 Triple Quadrupole,MTBLS_000998,Agilent 7010 Triple Quadrupole,Agilent 7010,Mass spectrometry instrument
MS_1003541,7010B Triple Quadrupole GC/MS,Agilent 7010B Triple Quadrupole,,,Agilent 7010B,Mass spectrometry instrument
MS_1003542,7200 Q-TOF GC/MS,Agilent 7200 Q-TOF,MTBLS_001007,Agilent 7200 Q-TOF,Agilent 7200 QTOF,Mass spectrometry instrument
MS_1003543,7250 Q-TOF GC/MS,Agilent 7250 GC/Q-TOF,MTBLS_002098,Agilent 7250 GC/Q-TOF,Agilent 7250,Mass spectrometry instrument
MS_1003544,CE-TOFMS,Agilent CE-TOFMS,,,Agilent CE-TOFMS,Mass spectrometry instrument
MS_1003545,G3250AA Time-of-Flight LC/MS,Agilent G3250AA TOF,,,Agilent G3250AA TOF,Mass spectrometry instrument
MS_1003546,Revident Q-TOF LC/MS,Agilent Revident Q-TOF,,,Agilent Revident Q-TOF,Mass spectrometry instrument
MS_1003547,Pegasus BT 4D,LECO Pegasus BT 4D GCxGC-TOFMS,MTBLS_002302,LECO Pegasus BT 4D GCxGC-TOFMS,,Mass spectrometry instrument
MS_1003548,Pegasus HT,LECO Pegasus HT TOFMS,MTBLS_001019,LECO Pegasus HT TOFMS,Leco Pegasus HT TOF,Mass spectrometry instrument
MS_1003549,Pegasus IV,LECO Pegasus IV,MTBLS_001028,LECO Pegasus IV,Leco Pegasus IV TOF,Mass spectrometry instrument
MS_1003550,PTR-TOF 8000,IONICON PTR-TOF 8000,,,,Mass spectrometry instrument
MS_1003551,AccuTOF GCv,JEOL AccuTOF GCv,MTBLS_001017,JEOL AccuTOF GCv,,Mass spectrometry instrument
MS_1003552,TOF.SIMS 5,ION-TOF TOF.SIMS 5,,,,Mass spectrometry instrument
MS_1003553,TurboMass GC/MS,PerkinElmer TurboMass,MTBLS_001015,PerkinElmer TurboMass,,Mass spectrometry instrument
MS_1003554,ThermoQuest Voyager,ThermoQuest Voyager,MTBLS_001006,ThermoQuest Voyager,,Mass spectrometry instrument
MS_1003555,AXIMA-LNR,,,,,Mass spectrometry instrument
MS_1003556,AXIMA-TOFÂ²,,,,,Mass spectrometry instrument
MS_1003557,AXIMA Resonance,,,,,Mass spectrometry instrument
MS_1003558,MALDI-8020,,,,,Mass spectrometry instrument
MS_1003559,MALDI-8030,,,,,Mass spectrometry instrument
MS_1003560,MALDI-8020 EasyCare,,,,,Mass spectrometry instrument
MS_1003561,MALDI-8030 EasyCare,,,,,Mass spectrometry instrument
MS_1003562,LCMS-2010,,,,,Mass spectrometry instrument
MS_1003563,LCMS-2050,,,,,Mass spectrometry instrument
MS_1003564,LCMS-8045RX,,,,,Mass spectrometry instrument
MS_1003565,LCMS-8050RX,,,,,Mass spectrometry instrument
MS_1003566,LCMS-8060RX,,,,,Mass spectrometry instrument
MS_1003567,LCMS-8065XE,,,,,Mass spectrometry instrument
MS_1003568,LCMS-9050,,,,,Mass spectrometry instrument
MS_1003569,GCMS-QP5050A,,,,,Mass spectrometry instrument
MS_1003570,GCMS-QP2010S,,,,,Mass spectrometry instrument
MS_1003571,GCMS-QP2010,,,,,Mass spectrometry instrument
MS_1003572,GCMS-QP2020NX,,,,,Mass spectrometry instrument
MS_1003573,GCMS-QP2050,,,,,Mass spectrometry instrument
MS_1003574,GCMS-TQ 8030,,,,,Mass spectrometry instrument
MS_1003575,GCMS-TQ 8050,,,,,Mass spectrometry instrument
MS_1003800,TSQ Certis,,,,,Mass spectrometry instrument
MS_1001761,ACQUITY UPLC,Waters ACQUITY UPLC system; Waters ACQUITY UPLC system and PDA detector,MTBLS_000877; MTBLS_000870,Waters ACQUITY UPLC system; Waters ACQUITY UPLC system and PDA detector,Waters Acquity,Liquid chromatography instrument
MS_1001762,ACQUITY UPLC H-Class,Waters ACQUITY UPLC H-Class System,MTBLS_000876,Waters ACQUITY UPLC H-Class System,Waters Acquity H-Class,Liquid chromatography instrument
MS_1001763,ACQUITY UPLC H-Class Bio,,,,,Liquid chromatography instrument
MS_1001764,ACQUITY UPLC I-Class,Waters ACQUITY UPLC I-Class System,MTBLS_000917,Waters ACQUITY UPLC I-Class System,Waters Acquity I-Class,Liquid chromatography instrument
MS_1001765,ACQUITY UPLC Systems with 2D Technology,,,,,Liquid chromatography instrument
MS_1001766,nanoACQUITY UPLC,Waters nanoACQUITY UPLC system,MTBLS_000890,Waters nanoACQUITY UPLC system,Waters NanoAcquity,Liquid chromatography instrument
MS_1001767,nanoACQUITY UPLC System with 1D Technology,,,,,Liquid chromatography instrument
MS_1001768,nanoACQUITY UPLC with HDX Technology,,,,,Liquid chromatography instrument
MS_1001769,TRIZAIC UPLC nanoTile,,,,,Liquid chromatography instrument
MS_1003616,AVANT,Advion AVANT,,,,Liquid chromatography instrument
MS_1003618,1100 Series,"Agilent 1100 Series LC; Agilent 1100 Series Isocratic Pump, G1603A CE-MS Adapter Kit, and G1607A CE-ESI-MS Sprayer Kit; Agilent 1100 Series HPLC System",MTBLS_000893; MTBLS_000868,Agilent 1100 Series LC; Agilent 1100 Series HPLC System,Agilent 1100,Liquid chromatography instrument
MS_1003619,1200 Series,Agilent 1200 Series HPLC System,MTBLS_000891,Agilent 1200 Series HPLC System,Agilent 1200,Liquid chromatography instrument
MS_1003620,1200 Series HPLC-Chip,Agilent 1200 Series HPLC-Chip,MTBLS_002085,Agilent 1200 Series HPLC-Chip,,Liquid chromatography instrument
MS_1003621,1200 Series Rapid Resolution,Agilent 1200 Series Rapid Resolution LC System,MTBLS_000857,Agilent 1200 Series Rapid Resolution LC System,,Liquid chromatography instrument
MS_1003622,1200 RR Series II,,,,Agilent 1200 RR Series II,Liquid chromatography instrument
MS_1003624,1220 Infinity,Agilent 1220 Infinity LC,MTBLS_000911,Agilent 1220 Infinity LC,,Liquid chromatography instrument
MS_1003625,1260 Infinity II,Agilent 1260 Infinity II LC System,MTBLS_000904,Agilent 1260 Infinity II LC System,,Liquid chromatography instrument
MS_1003626,1260 Infinity,Agilent 1260 Infinity HPLC; Agilent 1260 Infinity LC,MTBLS_000866; MTBLS_000880,Agilent 1260 Infinity HPLC; Agilent 1260 Infinity LC,Agilent 1260,Liquid chromatography instrument
MS_1003627,1290 Infinity 2D-LC,Agilent 1290 Infinity 2D-LC,MTBLS_002086,Agilent 1290 Infinity 2D-LC,,Liquid chromatography instrument
MS_1003628,1290 Infinity,Agilent 1290 Infinity HPLC; Agilent 1290 Infinity LC; Agilent 1290 Infinity UHPLC,MTBLS_000878; MTBLS_000889; MTBLS_000871,Agilent 1290 Infinity HPLC; Agilent 1290 Infinity LC; Agilent 1290 Infinity UHPLC,"Agilent 1290, Agilent 1290 Infinity",Liquid chromatography instrument
MS_1003629,1290 Infinity II 2D-LC,Agilent 1290 Infinity II 2D-LC,MTBLS_002089,Agilent 1290 Infinity II 2D-LC,,Liquid chromatography instrument
MS_1003630,1290 Infinity II,Agilent 1290 Infinity II UHPLC; Aglient 1290 Infinity II LC,MTBLS_000864; MTBLS_000894,Agilent 1290 Infinity II UHPLC; Aglient 1290 Infinity II LC,Agilent 1290 Infinity II,Liquid chromatography instrument
MS_1003631,1200 Infinity,Agilent 1200 Infinity,,,,Liquid chromatography instrument
MS_1003632,1220 Infinity II,Agilent 1220 Infinity II,,,,Liquid chromatography instrument
MS_1003633,1260 Infinity III,Agilent 1260 Infinity III,,,,Liquid chromatography instrument
MS_1003634,1260 Infinity III Prime,Agilent 1260 Infinity III Prime,,,,Liquid chromatography instrument
MS_1003640,System Gold,Beckman Coulter System Gold HPLC 127 pump,MTBLS_000886,Beckman Coulter System Gold HPLC 127 pump,,Liquid chromatography instrument
MS_1003642,Elute,Bruker Elute LC system; Bruker Elute UHPLC system,MTBLS_002111; MTBLS_002112,Bruker Elute LC system; Bruker Elute UHPLC system,,Liquid chromatography instrument
MS_1003643,Elute HT,Bruker Elute HT,,,,Liquid chromatography instrument
MS_1003644,Elute OLE,Bruker Elute OLE,,,,Liquid chromatography instrument
MS_1003645,Elute SP,Bruker Elute SP,,,,Liquid chromatography instrument
MS_1003646,nanoElute 2,,,,,Liquid chromatography instrument
MS_1003647,proteoElute,,,,,Liquid chromatography instrument
MS_1003648,Michrom BioResources Paradigm MS4,Michrom BioResources Paradigm MS4 HPLC system,MTBLS_000882,Michrom BioResources Paradigm MS4 HPLC system,,Liquid chromatography instrument
MS_1003649,Michrom Advance nanoflow,,,,,Liquid chromatography instrument
MS_1003651,ExionLC,SCIEX ExionLC,,,,Liquid chromatography instrument
MS_1003652,ExionLC AC,SCIEX ExionLC AC,MTBLS_000897,SCIEX ExionLC AC,,Liquid chromatography instrument
MS_1003653,ExionLC AD,SCIEX ExionLC AD,MTBLS_002206,SCIEX ExionLC AD,,Liquid chromatography instrument
MS_1003654,ExionLC AE,,,,,Liquid chromatography instrument
MS_1003655,ExionLC 2.0,,,,,Liquid chromatography instrument
MS_1003656,ExionLC 2.0+,,,,,Liquid chromatography instrument
MS_1003657,Eksigent ekspert nanoLC 400,Eksigent ekspert nanoLC 400,MTBLS_000905,Eksigent ekspert nanoLC 400,,Liquid chromatography instrument
MS_1003658,Eksigent ekspert nanoLC 425,Eksigent ekspert nanoLC 425,MTBLS_002146,Eksigent ekspert nanoLC 425,,Liquid chromatography instrument
MS_1003659,Eksigent ekspret ultraLC 100,,,,,Liquid chromatography instrument
MS_1003660,Eksigent ekspert ultraLC 100-XL,,,,,Liquid chromatography instrument
MS_1003661,Eksigent ekspert ultraLC 110,Eksigent ekspert ultraLC 110,MTBLS_000872,Eksigent ekspert ultraLC 110,,Liquid chromatography instrument
MS_1003662,Eksigent NanoLC-Ultra 2D,Eksigent NanoLC-Ultra 2D system,MTBLS_000881,Eksigent NanoLC-Ultra 2D system,,Liquid chromatography instrument
MS_1003664,L-7100,Hitachi L-7100 HPLC pump,MTBLS_000916,Hitachi L-7100 HPLC pump,,Liquid chromatography instrument
MS_1003665,LaChrom Ultra,Hitachi LaChrome Ultra,MTBLS_000902,Hitachi LaChrome Ultra,,Liquid chromatography instrument
MS_1003666,Chromaster,,,,,Liquid chromatography instrument
MS_1003667,Chromaster RS,,,,,Liquid chromatography instrument
MS_1003669,X-LC Series,JASCO X-LC 3085PU HPLC pump,MTBLS_000909,JASCO X-LC 3085PU HPLC pump,,Liquid chromatography instrument
MS_1003670,LC-4000 Series,,,,,Liquid chromatography instrument
MS_1003671,LC-2000 Series,,,,,Liquid chromatography instrument
MS_1003673,LC-10,Shimadzu LC-10AD pump and SCL-10A controller,MTBLS_000913,Shimadzu LC-10AD pump and SCL-10A controller,Shimadzu 10A,Liquid chromatography instrument
MS_1003674,Nexera LC-20,Shimadzu Nexera LC-20,,,Shimadzu 20AD,Liquid chromatography instrument
MS_1003675,Nexera LC-30,Shimadzu LC-30AD pump and CBM-20A controller; Shimadzu LC-30A Nexera UHPLC system; Shimadzu Nexera UHPLC system (CBM-30A controller); Shimadzu Nexera UHPLC system (LC-30AD pump and CBM-20A controller); Shimadzu Nexera UHPLC system (LC-30AD pump and SPD-M20A detector); Shimadzu Nexera UHPLC system,MTBLS_000867; MTBLS_000862; MTBLS_002218; MTBLS_000898; MTBLS_002219; MTBLS_000887,Shimadzu LC-30AD pump and CBM-20A controller; Shimadzu LC-30A Nexera UHPLC system; Shimadzu Nexera UHPLC system (CBM-30A controller); Shimadzu Nexera UHPLC system (LC-30AD pump and CBM-20A controller); Shimadzu Nexera UHPLC system (LC-30AD pump and SPD-M20A detector); Shimadzu Nexera UHPLC system,,Liquid chromatography instrument
MS_1003676,Nexera X2 LC-30,"Shimadzu Nexera X2 UHPLC system (binary pump, DGU-20A degasser, and CBM-20A controller)",MTBLS_000895,"Shimadzu Nexera X2 UHPLC system (binary pump, DGU-20A degasser, and CBM-20A controller)",Shimadzu Nexera X2,Liquid chromatography instrument
MS_1003677,Nexera LC-40,Shimadzu Nexera LC-40 UHPLC system,,,,Liquid chromatography instrument
MS_1003678,Prominence LC-20,Shimadzu Prominence LC-20AD system; Shimadzu Prominence HPLC system; Shimadzu SIL20-A LC system,MTBLS_000910; MTBLS_000901; MTBLS_000912,Shimadzu Prominence LC-20AD system; Shimadzu Prominence HPLC system; Shimadzu SIL20-A LC system,,Liquid chromatography instrument
MS_1003679,Prominence UFLC,Shimadzu Prominence UFLC system,MTBLS_000859,Shimadzu Prominence UFLC system,,Liquid chromatography instrument
MS_1003680,Prominence UFLC XR,Shimadzu Prominence UFLCXR system,MTBLS_000874,Shimadzu Prominence UFLCXR system,,Liquid chromatography instrument
MS_1003681,LC-2040C 3D Nexera-i,Shimadzu LC-2040C 3D Nexera-i,MTBLS_002212,Shimadzu LC-2040C 3D Nexera-i,,Liquid chromatography instrument
MS_1003682,Prominence Plus LC-30,Shimadzu Prominence Plus LC-30A UHPLC,,,,Liquid chromatography instrument
MS_1003684,Accela,Thermo Scientific Accela UHPLC System; Thermo Scientific Accela 1250 Pump; Thermo Scientific Accela 600 Pump,MTBLS_000861; MTBLS_000906; MTBLS_000900,Thermo Scientific Accela UHPLC System; Thermo Scientific Accela 1250 Pump; Thermo Scientific Accela 600 Pump,Thermo Accela 1250; Thermo Accela 600; Thermo Accela CTC,Liquid chromatography instrument
MS_1003685,Accela II,Thermo Scientific Accela II HPLC system,MTBLS_000873,Thermo Scientific Accela II HPLC system,,Liquid chromatography instrument
MS_1003686,Dionex Integrion HPIC,Thermo Scientific Dionex Integrion HPIC System,MTBLS_002237,Thermo Scientific Dionex Integrion HPIC System,,Liquid chromatography instrument
MS_1003687,Dionex Integrion RFIC,Thermo Scientific Dionex Integrion RFIC System,MTBLS_002238,Thermo Scientific Dionex Integrion RFIC System,,Liquid chromatography instrument
MS_1003691,Dionex UltiMate 3000 XRS,Thermo Scientific Dionex UltiMate 3000 XRS System,MTBLS_000884,Thermo Scientific Dionex UltiMate 3000 XRS System,,Liquid chromatography instrument
MS_1003692,EASY-nLC 1000,Thermo Scientific EASY-nLC 1000 System (UPLC),MTBLS_000879,Thermo Scientific EASY-nLC 1000 System (UPLC),,Liquid chromatography instrument
MS_1003693,EASY-nLC 1200,Thermo Scientific EASY-nLC 1200 System (UPLC),MTBLS_000908,Thermo Scientific EASY-nLC 1200 System (UPLC),,Liquid chromatography instrument
MS_1003694,Surveyor,Thermo Scientific Surveyor HPLC system; Thermo Scientific Surveyor MS Pump Plus,MTBLS_000863; MTBLS_000892,Thermo Scientific Surveyor HPLC system; Thermo Scientific Surveyor MS Pump Plus,,Liquid chromatography instrument
MS_1003698,Vanquish,Thermo Scientific Vanquish UHPLC System,MTBLS_000858,Thermo Scientific Vanquish UHPLC System,Thermo Vanquish,Liquid chromatography instrument
MS_1003699,Dionex ICS-5000+,,,,Thermo Dionex ICS-5000+,Liquid chromatography instrument
MS_1003700,Proxeon EASY-nLC II,Proxeon EASY-nLC II,,,,Liquid chromatography instrument
MS_1003701,Cohesive Technologies TX2,,,,Cohesive TX2,Liquid chromatography instrument
MS_1003702,Rheos Allegro,Flux Rheos Allegro UHPLC pump,MTBLS_000869,Flux Rheos Allegro UHPLC pump,,Liquid chromatography instrument
MS_1003703,Rheos 2000 Micro,,,,,Liquid chromatography instrument
MS_1003704,Rheos 2200 Micro,,,,,Liquid chromatography instrument
MS_1003705,1525 Micro,Waters 1525 Micro Binary HPLC Pump,MTBLS_000865,Waters 1525 Micro Binary HPLC Pump,,Liquid chromatography instrument
MS_1003706,ACQUITY Premier,Waters ACQUITY Premier System,,,,Liquid chromatography instrument
MS_1003707,ACQUITY UPLC H-Class PLUS,Waters ACQUITY UPLC H-Class PLUS System,,,,Liquid chromatography instrument
MS_1003708,ACQUITY UPLC I-Class PLUS,Waters ACQUITY UPLC I-Class PLUS System,MTBLS_002261,Waters ACQUITY UPLC I-Class PLUS System,,Liquid chromatography instrument
MS_1003709,ACQUITY UPLC M-Class,Waters ACQUITY UPLC M-Class System,MTBLS_000903,Waters ACQUITY UPLC M-Class System,,Liquid chromatography instrument
MS_1003710,Alliance 2695 Separations Module,Waters Alliance 2695 Separations Module (modified),MTBLS_000915,Waters Alliance 2695 Separations Module (modified),,Liquid chromatography instrument
MS_1003623,1200 SL,,,,Agilent 1200SL,Liquid chromatography instrument
MS_1003688,Dionex UltiMate 3000 RSLC,Thermo Scientific Dionex UltiMate 3000 RSLC System,MTBLS_000907,Thermo Scientific Dionex UltiMate 3000 RSLC System,Thermo Dionex Ultimate 3000 RS,Liquid chromatography instrument
MS_1003689,Dionex UltiMate 3000 RSLCnano,Thermo Scientific Dionex UltiMate 3000 RSLCnano System,MTBLS_000860,Thermo Scientific Dionex UltiMate 3000 RSLCnano System,,Liquid chromatography instrument
MS_1003690,Dionex UltiMate 3000,Thermo Scientific Dionex Ultimate 3000 HPLC system; Thermo Scientific Dionex UltiMate 3000 System; Thermo Scientific Dionex Ultimate 3000 UHPLC system; Thermo Scientific Dionex UltiMate HPLC system; Thermo Scientific Dionex UltiMate LC system; Thermo Scientific UltiMate 3000 Standard HPLC system,MTBLS_000883; MTBLS_000885; MTBLS_000914; MTBLS_000899; MTBLS_000888; MTBLS_002249,Thermo Scientific Dionex Ultimate 3000 HPLC system; Thermo Scientific Dionex UltiMate 3000 System; Thermo Scientific Dionex Ultimate 3000 UHPLC system; Thermo Scientific Dionex UltiMate HPLC system; Thermo Scientific Dionex UltiMate LC system; Thermo Scientific UltiMate 3000 Standard HPLC system,Thermo Dionex Ultimate 3000,Liquid chromatography instrument
MS_1003695,Vanquish Duo,Thermo Scientific Vanquish Duo UHPLC System,,,,Liquid chromatography instrument
MS_1003696,Vanquish Flex,Thermo Scientific Vanquish Flex UHPLC System,MTBLS_002252,Thermo Scientific Vanquish Flex UHPLC System,,Liquid chromatography instrument
MS_1003697,Vanquish Horizon,Thermo Scientific Vanquish Horizon UHPLC System,,,,Liquid chromatography instrument
MS_1003396,8890,Agilent 8890 GC,MTBLS_002099,Agilent 8890 GC,,Gas chromatography instrument
MS_1003732,6890N,Agilent 6890N GC,MTBLS_000918,Agilent 6890N GC,Agilent 6890N,Gas chromatography instrument
MS_1003740,6890,Agilent 6890 GC,MTBLS_000934,Agilent 6890 GC,,Gas chromatography instrument
MS_1003741,7890A,Agilent 7890A GC,MTBLS_000922,Agilent 7890A GC,Agilent 7890A,Gas chromatography instrument
MS_1003742,7890B,Agilent 7890B GC,MTBLS_000933,Agilent 7890B GC,Agilent 7890B,Gas chromatography instrument
MS_1003743,8860,Agilent 8860 GC,MTBLS_000935,Agilent 8860 GC,,Gas chromatography instrument
MS_1003744,8890B,Agilent 8890B GC,,,,Gas chromatography instrument
MS_1003746,5890 Series,Hewlett Packard 5890 Series GC,MTBLS_002153,Hewlett Packard 5890 Series GC,,Gas chromatography instrument
MS_1003747,5890 Series II,,,,,Gas chromatography instrument
MS_1003749,AutoSystem XL GC,PerkinElmer AutoSystem XL GC,MTBLS_000931,PerkinElmer AutoSystem XL GC,,Gas chromatography instrument
MS_1003751,GC-2010 Plus,Shimadzu GC-2010 Plus,MTBLS_002211,Shimadzu GC-2010 Plus,,Gas chromatography instrument
MS_1003752,GC-2010 Pro,,,,,Gas chromatography instrument
MS_1003753,GC-17A,Shimadzu GC-17A,MTBLS_000932,Shimadzu GC-17A,,Gas chromatography instrument
MS_1003754,GC-2010,Shimadzu GC-2010,MTBLS_000927,Shimadzu GC-2010,Shimadzu GC-2010,Gas chromatography instrument
MS_1003756,TRACE 1300,Thermo Scientific TRACE 1300 GC,MTBLS_002244,Thermo Scientific TRACE 1300 GC,,Gas chromatography instrument
MS_1003757,TRACE 1310,Thermo Scientific TRACE 1310 GC,MTBLS_000930,Thermo Scientific TRACE 1310 GC,Thermo Trace 1310,Gas chromatography instrument
MS_1003758,TRACE GC,Thermo Electron TRACE GC,MTBLS_000919,Thermo Electron TRACE GC,,Gas chromatography instrument
MS_1003759,TRACE GC Ultra,Thermo Electron TRACE GC Ultra; Thermo Scientific TRACE GC Ultra,MTBLS_000924; MTBLS_000921,Thermo Scientific TRACE GC Ultra; Thermo Electron TRACE GC Ultra,,Gas chromatography instrument
MS_1003760,FOCUS GC,Thermo Electron FOCUS GC,MTBLS_000929,Thermo Electron FOCUS GC,,Gas chromatography instrument
